A_url,B_url
https://raw.githubusercontent.com/AtlantixJJ/VideoStableData/master/video_sfn_comb/davis_tandem_sfn_comb_feathers.mp4,https://raw.githubusercontent.com/AtlantixJJ/VideoStableData/master/video_sfn_flow/davis_tandem_sfn_flow_feathers.mp4
https://raw.githubusercontent.com/AtlantixJJ/VideoStableData/master/video_sfn_flow/sintel_mountain_2_sfn_flow_feathers.mp4,https://raw.githubusercontent.com/AtlantixJJ/VideoStableData/master/video_sfn_comb/sintel_mountain_2_sfn_comb_feathers.mp4
https://raw.githubusercontent.com/AtlantixJJ/VideoStableData/master/video_sfn_flow/davis_man-bike_sfn_flow_lamuse.mp4,https://raw.githubusercontent.com/AtlantixJJ/VideoStableData/master/video_sfn_comb/davis_man-bike_sfn_comb_lamuse.mp4
https://raw.githubusercontent.com/AtlantixJJ/VideoStableData/master/video_sfn_flow/sintel_wall_sfn_flow_lamuse.mp4,https://raw.githubusercontent.com/AtlantixJJ/VideoStableData/master/video_sfn_comb/sintel_wall_sfn_comb_lamuse.mp4
https://raw.githubusercontent.com/AtlantixJJ/VideoStableData/master/video_sfn_comb/davis_man-bike_sfn_comb_feathers.mp4,https://raw.githubusercontent.com/AtlantixJJ/VideoStableData/master/video_sfn_flow/davis_man-bike_sfn_flow_feathers.mp4
https://raw.githubusercontent.com/AtlantixJJ/VideoStableData/master/video_sfn_flow/davis_helicopter_sfn_flow_lamuse.mp4,https://raw.githubusercontent.com/AtlantixJJ/VideoStableData/master/video_sfn_comb/davis_helicopter_sfn_comb_lamuse.mp4
https://raw.githubusercontent.com/AtlantixJJ/VideoStableData/master/video_sfn_comb/davis_girl-dog_sfn_comb_composition.mp4,https://raw.githubusercontent.com/AtlantixJJ/VideoStableData/master/video_sfn_flow/davis_girl-dog_sfn_flow_composition.mp4
https://raw.githubusercontent.com/AtlantixJJ/VideoStableData/master/video_sfn_comb/sintel_tiger_sfn_comb_starrynight.mp4,https://raw.githubusercontent.com/AtlantixJJ/VideoStableData/master/video_sfn_flow/sintel_tiger_sfn_flow_starrynight.mp4
https://raw.githubusercontent.com/AtlantixJJ/VideoStableData/master/video_sfn_comb/sintel_cave_3_sfn_comb_lamuse.mp4,https://raw.githubusercontent.com/AtlantixJJ/VideoStableData/master/video_sfn_flow/sintel_cave_3_sfn_flow_lamuse.mp4
https://raw.githubusercontent.com/AtlantixJJ/VideoStableData/master/video_sfn_comb/davis_tandem_sfn_comb_starrynight.mp4,https://raw.githubusercontent.com/AtlantixJJ/VideoStableData/master/video_sfn_flow/davis_tandem_sfn_flow_starrynight.mp4
https://raw.githubusercontent.com/AtlantixJJ/VideoStableData/master/video_sfn_flow/sintel_ambush_1_sfn_flow_lamuse.mp4,https://raw.githubusercontent.com/AtlantixJJ/VideoStableData/master/video_sfn_comb/sintel_ambush_1_sfn_comb_lamuse.mp4
https://raw.githubusercontent.com/AtlantixJJ/VideoStableData/master/video_sfn_comb/davis_man-bike_sfn_comb_composition.mp4,https://raw.githubusercontent.com/AtlantixJJ/VideoStableData/master/video_sfn_flow/davis_man-bike_sfn_flow_composition.mp4
https://raw.githubusercontent.com/AtlantixJJ/VideoStableData/master/video_sfn_comb/davis_helicopter_sfn_comb_feathers.mp4,https://raw.githubusercontent.com/AtlantixJJ/VideoStableData/master/video_sfn_flow/davis_helicopter_sfn_flow_feathers.mp4
https://raw.githubusercontent.com/AtlantixJJ/VideoStableData/master/video_sfn_comb/sintel_cave_3_sfn_comb_composition.mp4,https://raw.githubusercontent.com/AtlantixJJ/VideoStableData/master/video_sfn_flow/sintel_cave_3_sfn_flow_composition.mp4
https://raw.githubusercontent.com/AtlantixJJ/VideoStableData/master/video_sfn_comb/davis_gym_sfn_comb_starrynight.mp4,https://raw.githubusercontent.com/AtlantixJJ/VideoStableData/master/video_sfn_flow/davis_gym_sfn_flow_starrynight.mp4
https://raw.githubusercontent.com/AtlantixJJ/VideoStableData/master/video_sfn_comb/davis_guitar-violin_sfn_comb_lamuse.mp4,https://raw.githubusercontent.com/AtlantixJJ/VideoStableData/master/video_sfn_flow/davis_guitar-violin_sfn_flow_lamuse.mp4
https://raw.githubusercontent.com/AtlantixJJ/VideoStableData/master/video_sfn_comb/davis_horsejump-stick_sfn_comb_composition.mp4,https://raw.githubusercontent.com/AtlantixJJ/VideoStableData/master/video_sfn_flow/davis_horsejump-stick_sfn_flow_composition.mp4
https://raw.githubusercontent.com/AtlantixJJ/VideoStableData/master/video_sfn_flow/sintel_PERTURBED_shaman_1_sfn_flow_feathers.mp4,https://raw.githubusercontent.com/AtlantixJJ/VideoStableData/master/video_sfn_comb/sintel_PERTURBED_shaman_1_sfn_comb_feathers.mp4
https://raw.githubusercontent.com/AtlantixJJ/VideoStableData/master/video_sfn_comb/davis_subway_sfn_comb_composition.mp4,https://raw.githubusercontent.com/AtlantixJJ/VideoStableData/master/video_sfn_flow/davis_subway_sfn_flow_composition.mp4
https://raw.githubusercontent.com/AtlantixJJ/VideoStableData/master/video_sfn_flow/davis_slackline_sfn_flow_composition.mp4,https://raw.githubusercontent.com/AtlantixJJ/VideoStableData/master/video_sfn_comb/davis_slackline_sfn_comb_composition.mp4
https://raw.githubusercontent.com/AtlantixJJ/VideoStableData/master/video_sfn_flow/davis_tandem_sfn_flow_composition.mp4,https://raw.githubusercontent.com/AtlantixJJ/VideoStableData/master/video_sfn_comb/davis_tandem_sfn_comb_composition.mp4
https://raw.githubusercontent.com/AtlantixJJ/VideoStableData/master/video_sfn_comb/sintel_temple_1_sfn_comb_composition.mp4,https://raw.githubusercontent.com/AtlantixJJ/VideoStableData/master/video_sfn_flow/sintel_temple_1_sfn_flow_composition.mp4
https://raw.githubusercontent.com/AtlantixJJ/VideoStableData/master/video_sfn_flow/davis_horsejump-stick_sfn_flow_starrynight.mp4,https://raw.githubusercontent.com/AtlantixJJ/VideoStableData/master/video_sfn_comb/davis_horsejump-stick_sfn_comb_starrynight.mp4
https://raw.githubusercontent.com/AtlantixJJ/VideoStableData/master/video_sfn_flow/davis_guitar-violin_sfn_flow_starrynight.mp4,https://raw.githubusercontent.com/AtlantixJJ/VideoStableData/master/video_sfn_comb/davis_guitar-violin_sfn_comb_starrynight.mp4
https://raw.githubusercontent.com/AtlantixJJ/VideoStableData/master/video_sfn_flow/davis_girl-dog_sfn_flow_feathers.mp4,https://raw.githubusercontent.com/AtlantixJJ/VideoStableData/master/video_sfn_comb/davis_girl-dog_sfn_comb_feathers.mp4
https://raw.githubusercontent.com/AtlantixJJ/VideoStableData/master/video_sfn_comb/sintel_temple_1_sfn_comb_starrynight.mp4,https://raw.githubusercontent.com/AtlantixJJ/VideoStableData/master/video_sfn_flow/sintel_temple_1_sfn_flow_starrynight.mp4
https://raw.githubusercontent.com/AtlantixJJ/VideoStableData/master/video_sfn_comb/davis_slackline_sfn_comb_starrynight.mp4,https://raw.githubusercontent.com/AtlantixJJ/VideoStableData/master/video_sfn_flow/davis_slackline_sfn_flow_starrynight.mp4
https://raw.githubusercontent.com/AtlantixJJ/VideoStableData/master/video_sfn_comb/sintel_tiger_sfn_comb_composition.mp4,https://raw.githubusercontent.com/AtlantixJJ/VideoStableData/master/video_sfn_flow/sintel_tiger_sfn_flow_composition.mp4
https://raw.githubusercontent.com/AtlantixJJ/VideoStableData/master/video_sfn_comb/davis_cats-car_sfn_comb_starrynight.mp4,https://raw.githubusercontent.com/AtlantixJJ/VideoStableData/master/video_sfn_flow/davis_cats-car_sfn_flow_starrynight.mp4
https://raw.githubusercontent.com/AtlantixJJ/VideoStableData/master/video_sfn_flow/davis_guitar-violin_sfn_flow_feathers.mp4,https://raw.githubusercontent.com/AtlantixJJ/VideoStableData/master/video_sfn_comb/davis_guitar-violin_sfn_comb_feathers.mp4
https://raw.githubusercontent.com/AtlantixJJ/VideoStableData/master/video_sfn_comb/davis_helicopter_sfn_comb_composition.mp4,https://raw.githubusercontent.com/AtlantixJJ/VideoStableData/master/video_sfn_flow/davis_helicopter_sfn_flow_composition.mp4
https://raw.githubusercontent.com/AtlantixJJ/VideoStableData/master/video_sfn_comb/davis_slackline_sfn_comb_feathers.mp4,https://raw.githubusercontent.com/AtlantixJJ/VideoStableData/master/video_sfn_flow/davis_slackline_sfn_flow_feathers.mp4
https://raw.githubusercontent.com/AtlantixJJ/VideoStableData/master/video_sfn_flow/sintel_market_1_sfn_flow_feathers.mp4,https://raw.githubusercontent.com/AtlantixJJ/VideoStableData/master/video_sfn_comb/sintel_market_1_sfn_comb_feathers.mp4
https://raw.githubusercontent.com/AtlantixJJ/VideoStableData/master/video_sfn_comb/sintel_ambush_1_sfn_comb_composition.mp4,https://raw.githubusercontent.com/AtlantixJJ/VideoStableData/master/video_sfn_flow/sintel_ambush_1_sfn_flow_composition.mp4
https://raw.githubusercontent.com/AtlantixJJ/VideoStableData/master/video_sfn_flow/davis_girl-dog_sfn_flow_lamuse.mp4,https://raw.githubusercontent.com/AtlantixJJ/VideoStableData/master/video_sfn_comb/davis_girl-dog_sfn_comb_lamuse.mp4
https://raw.githubusercontent.com/AtlantixJJ/VideoStableData/master/video_sfn_comb/sintel_bamboo_3_sfn_comb_lamuse.mp4,https://raw.githubusercontent.com/AtlantixJJ/VideoStableData/master/video_sfn_flow/sintel_bamboo_3_sfn_flow_lamuse.mp4
https://raw.githubusercontent.com/AtlantixJJ/VideoStableData/master/video_sfn_flow/davis_subway_sfn_flow_starrynight.mp4,https://raw.githubusercontent.com/AtlantixJJ/VideoStableData/master/video_sfn_comb/davis_subway_sfn_comb_starrynight.mp4
https://raw.githubusercontent.com/AtlantixJJ/VideoStableData/master/video_sfn_comb/sintel_cave_3_sfn_comb_starrynight.mp4,https://raw.githubusercontent.com/AtlantixJJ/VideoStableData/master/video_sfn_flow/sintel_cave_3_sfn_flow_starrynight.mp4
https://raw.githubusercontent.com/AtlantixJJ/VideoStableData/master/video_sfn_flow/davis_tandem_sfn_flow_lamuse.mp4,https://raw.githubusercontent.com/AtlantixJJ/VideoStableData/master/video_sfn_comb/davis_tandem_sfn_comb_lamuse.mp4
https://raw.githubusercontent.com/AtlantixJJ/VideoStableData/master/video_sfn_flow/sintel_wall_sfn_flow_feathers.mp4,https://raw.githubusercontent.com/AtlantixJJ/VideoStableData/master/video_sfn_comb/sintel_wall_sfn_comb_feathers.mp4
https://raw.githubusercontent.com/AtlantixJJ/VideoStableData/master/video_sfn_flow/sintel_market_1_sfn_flow_starrynight.mp4,https://raw.githubusercontent.com/AtlantixJJ/VideoStableData/master/video_sfn_comb/sintel_market_1_sfn_comb_starrynight.mp4
https://raw.githubusercontent.com/AtlantixJJ/VideoStableData/master/video_sfn_comb/davis_helicopter_sfn_comb_starrynight.mp4,https://raw.githubusercontent.com/AtlantixJJ/VideoStableData/master/video_sfn_flow/davis_helicopter_sfn_flow_starrynight.mp4
https://raw.githubusercontent.com/AtlantixJJ/VideoStableData/master/video_sfn_comb/davis_guitar-violin_sfn_comb_composition.mp4,https://raw.githubusercontent.com/AtlantixJJ/VideoStableData/master/video_sfn_flow/davis_guitar-violin_sfn_flow_composition.mp4
https://raw.githubusercontent.com/AtlantixJJ/VideoStableData/master/video_sfn_comb/sintel_PERTURBED_shaman_1_sfn_comb_composition.mp4,https://raw.githubusercontent.com/AtlantixJJ/VideoStableData/master/video_sfn_flow/sintel_PERTURBED_shaman_1_sfn_flow_composition.mp4
https://raw.githubusercontent.com/AtlantixJJ/VideoStableData/master/video_sfn_comb/sintel_bamboo_3_sfn_comb_composition.mp4,https://raw.githubusercontent.com/AtlantixJJ/VideoStableData/master/video_sfn_flow/sintel_bamboo_3_sfn_flow_composition.mp4
https://raw.githubusercontent.com/AtlantixJJ/VideoStableData/master/video_sfn_comb/sintel_cave_3_sfn_comb_feathers.mp4,https://raw.githubusercontent.com/AtlantixJJ/VideoStableData/master/video_sfn_flow/sintel_cave_3_sfn_flow_feathers.mp4
https://raw.githubusercontent.com/AtlantixJJ/VideoStableData/master/video_sfn_comb/davis_cats-car_sfn_comb_composition.mp4,https://raw.githubusercontent.com/AtlantixJJ/VideoStableData/master/video_sfn_flow/davis_cats-car_sfn_flow_composition.mp4
https://raw.githubusercontent.com/AtlantixJJ/VideoStableData/master/video_sfn_comb/sintel_market_4_sfn_comb_feathers.mp4,https://raw.githubusercontent.com/AtlantixJJ/VideoStableData/master/video_sfn_flow/sintel_market_4_sfn_flow_feathers.mp4
https://raw.githubusercontent.com/AtlantixJJ/VideoStableData/master/video_sfn_flow/sintel_ambush_1_sfn_flow_feathers.mp4,https://raw.githubusercontent.com/AtlantixJJ/VideoStableData/master/video_sfn_comb/sintel_ambush_1_sfn_comb_feathers.mp4
https://raw.githubusercontent.com/AtlantixJJ/VideoStableData/master/video_sfn_comb/sintel_temple_1_sfn_comb_feathers.mp4,https://raw.githubusercontent.com/AtlantixJJ/VideoStableData/master/video_sfn_flow/sintel_temple_1_sfn_flow_feathers.mp4
https://raw.githubusercontent.com/AtlantixJJ/VideoStableData/master/video_sfn_flow/sintel_PERTURBED_shaman_1_sfn_flow_lamuse.mp4,https://raw.githubusercontent.com/AtlantixJJ/VideoStableData/master/video_sfn_comb/sintel_PERTURBED_shaman_1_sfn_comb_lamuse.mp4
https://raw.githubusercontent.com/AtlantixJJ/VideoStableData/master/video_sfn_comb/sintel_market_4_sfn_comb_starrynight.mp4,https://raw.githubusercontent.com/AtlantixJJ/VideoStableData/master/video_sfn_flow/sintel_market_4_sfn_flow_starrynight.mp4
https://raw.githubusercontent.com/AtlantixJJ/VideoStableData/master/video_sfn_comb/davis_subway_sfn_comb_feathers.mp4,https://raw.githubusercontent.com/AtlantixJJ/VideoStableData/master/video_sfn_flow/davis_subway_sfn_flow_feathers.mp4
https://raw.githubusercontent.com/AtlantixJJ/VideoStableData/master/video_sfn_comb/davis_horsejump-stick_sfn_comb_lamuse.mp4,https://raw.githubusercontent.com/AtlantixJJ/VideoStableData/master/video_sfn_flow/davis_horsejump-stick_sfn_flow_lamuse.mp4
https://raw.githubusercontent.com/AtlantixJJ/VideoStableData/master/video_sfn_flow/davis_girl-dog_sfn_flow_starrynight.mp4,https://raw.githubusercontent.com/AtlantixJJ/VideoStableData/master/video_sfn_comb/davis_girl-dog_sfn_comb_starrynight.mp4
https://raw.githubusercontent.com/AtlantixJJ/VideoStableData/master/video_sfn_comb/sintel_market_1_sfn_comb_composition.mp4,https://raw.githubusercontent.com/AtlantixJJ/VideoStableData/master/video_sfn_flow/sintel_market_1_sfn_flow_composition.mp4
https://raw.githubusercontent.com/AtlantixJJ/VideoStableData/master/video_sfn_comb/sintel_bamboo_3_sfn_comb_feathers.mp4,https://raw.githubusercontent.com/AtlantixJJ/VideoStableData/master/video_sfn_flow/sintel_bamboo_3_sfn_flow_feathers.mp4
https://raw.githubusercontent.com/AtlantixJJ/VideoStableData/master/video_sfn_comb/sintel_market_4_sfn_comb_composition.mp4,https://raw.githubusercontent.com/AtlantixJJ/VideoStableData/master/video_sfn_flow/sintel_market_4_sfn_flow_composition.mp4
https://raw.githubusercontent.com/AtlantixJJ/VideoStableData/master/video_sfn_comb/davis_cats-car_sfn_comb_lamuse.mp4,https://raw.githubusercontent.com/AtlantixJJ/VideoStableData/master/video_sfn_flow/davis_cats-car_sfn_flow_lamuse.mp4
https://raw.githubusercontent.com/AtlantixJJ/VideoStableData/master/video_sfn_comb/davis_subway_sfn_comb_lamuse.mp4,https://raw.githubusercontent.com/AtlantixJJ/VideoStableData/master/video_sfn_flow/davis_subway_sfn_flow_lamuse.mp4
https://raw.githubusercontent.com/AtlantixJJ/VideoStableData/master/video_sfn_comb/davis_horsejump-stick_sfn_comb_feathers.mp4,https://raw.githubusercontent.com/AtlantixJJ/VideoStableData/master/video_sfn_flow/davis_horsejump-stick_sfn_flow_feathers.mp4
https://raw.githubusercontent.com/AtlantixJJ/VideoStableData/master/video_sfn_flow/sintel_tiger_sfn_flow_feathers.mp4,https://raw.githubusercontent.com/AtlantixJJ/VideoStableData/master/video_sfn_comb/sintel_tiger_sfn_comb_feathers.mp4
https://raw.githubusercontent.com/AtlantixJJ/VideoStableData/master/video_sfn_comb/sintel_tiger_sfn_comb_lamuse.mp4,https://raw.githubusercontent.com/AtlantixJJ/VideoStableData/master/video_sfn_flow/sintel_tiger_sfn_flow_lamuse.mp4
https://raw.githubusercontent.com/AtlantixJJ/VideoStableData/master/video_sfn_comb/sintel_ambush_1_sfn_comb_starrynight.mp4,https://raw.githubusercontent.com/AtlantixJJ/VideoStableData/master/video_sfn_flow/sintel_ambush_1_sfn_flow_starrynight.mp4
https://raw.githubusercontent.com/AtlantixJJ/VideoStableData/master/video_sfn_comb/davis_gym_sfn_comb_feathers.mp4,https://raw.githubusercontent.com/AtlantixJJ/VideoStableData/master/video_sfn_flow/davis_gym_sfn_flow_feathers.mp4
https://raw.githubusercontent.com/AtlantixJJ/VideoStableData/master/video_sfn_comb/sintel_mountain_2_sfn_comb_composition.mp4,https://raw.githubusercontent.com/AtlantixJJ/VideoStableData/master/video_sfn_flow/sintel_mountain_2_sfn_flow_composition.mp4
https://raw.githubusercontent.com/AtlantixJJ/VideoStableData/master/video_sfn_flow/sintel_PERTURBED_shaman_1_sfn_flow_starrynight.mp4,https://raw.githubusercontent.com/AtlantixJJ/VideoStableData/master/video_sfn_comb/sintel_PERTURBED_shaman_1_sfn_comb_starrynight.mp4
https://raw.githubusercontent.com/AtlantixJJ/VideoStableData/master/video_sfn_comb/sintel_bamboo_3_sfn_comb_starrynight.mp4,https://raw.githubusercontent.com/AtlantixJJ/VideoStableData/master/video_sfn_flow/sintel_bamboo_3_sfn_flow_starrynight.mp4
https://raw.githubusercontent.com/AtlantixJJ/VideoStableData/master/video_sfn_flow/davis_gym_sfn_flow_composition.mp4,https://raw.githubusercontent.com/AtlantixJJ/VideoStableData/master/video_sfn_comb/davis_gym_sfn_comb_composition.mp4
https://raw.githubusercontent.com/AtlantixJJ/VideoStableData/master/video_sfn_comb/sintel_temple_1_sfn_comb_lamuse.mp4,https://raw.githubusercontent.com/AtlantixJJ/VideoStableData/master/video_sfn_flow/sintel_temple_1_sfn_flow_lamuse.mp4
https://raw.githubusercontent.com/AtlantixJJ/VideoStableData/master/video_sfn_comb/davis_gym_sfn_comb_lamuse.mp4,https://raw.githubusercontent.com/AtlantixJJ/VideoStableData/master/video_sfn_flow/davis_gym_sfn_flow_lamuse.mp4
https://raw.githubusercontent.com/AtlantixJJ/VideoStableData/master/video_sfn_comb/davis_man-bike_sfn_comb_starrynight.mp4,https://raw.githubusercontent.com/AtlantixJJ/VideoStableData/master/video_sfn_flow/davis_man-bike_sfn_flow_starrynight.mp4
https://raw.githubusercontent.com/AtlantixJJ/VideoStableData/master/video_sfn_comb/sintel_market_1_sfn_comb_lamuse.mp4,https://raw.githubusercontent.com/AtlantixJJ/VideoStableData/master/video_sfn_flow/sintel_market_1_sfn_flow_lamuse.mp4
https://raw.githubusercontent.com/AtlantixJJ/VideoStableData/master/video_sfn_comb/sintel_mountain_2_sfn_comb_starrynight.mp4,https://raw.githubusercontent.com/AtlantixJJ/VideoStableData/master/video_sfn_flow/sintel_mountain_2_sfn_flow_starrynight.mp4
https://raw.githubusercontent.com/AtlantixJJ/VideoStableData/master/video_sfn_flow/sintel_market_4_sfn_flow_lamuse.mp4,https://raw.githubusercontent.com/AtlantixJJ/VideoStableData/master/video_sfn_comb/sintel_market_4_sfn_comb_lamuse.mp4
https://raw.githubusercontent.com/AtlantixJJ/VideoStableData/master/video_sfn_flow/davis_cats-car_sfn_flow_feathers.mp4,https://raw.githubusercontent.com/AtlantixJJ/VideoStableData/master/video_sfn_comb/davis_cats-car_sfn_comb_feathers.mp4
https://raw.githubusercontent.com/AtlantixJJ/VideoStableData/master/video_sfn_comb/davis_slackline_sfn_comb_lamuse.mp4,https://raw.githubusercontent.com/AtlantixJJ/VideoStableData/master/video_sfn_flow/davis_slackline_sfn_flow_lamuse.mp4
https://raw.githubusercontent.com/AtlantixJJ/VideoStableData/master/video_sfn_comb/sintel_wall_sfn_comb_starrynight.mp4,https://raw.githubusercontent.com/AtlantixJJ/VideoStableData/master/video_sfn_flow/sintel_wall_sfn_flow_starrynight.mp4
https://raw.githubusercontent.com/AtlantixJJ/VideoStableData/master/video_sfn_flow/sintel_mountain_2_sfn_flow_lamuse.mp4,https://raw.githubusercontent.com/AtlantixJJ/VideoStableData/master/video_sfn_comb/sintel_mountain_2_sfn_comb_lamuse.mp4
https://raw.githubusercontent.com/AtlantixJJ/VideoStableData/master/video_sfn_flow/sintel_wall_sfn_flow_composition.mp4,https://raw.githubusercontent.com/AtlantixJJ/VideoStableData/master/video_sfn_comb/sintel_wall_sfn_comb_composition.mp4
